How do you read the narrator’s emotional vibe in this excerpt?,The narrator says memory isn’t always what we witnessed. What’s that make you think about your own memories?,The narrator talks about time molding us. How does that hit you?,"When he mentions ‘the end of any likelihood of change,’ what’s your reaction?",The narrator doesn’t miss his schooldays. How do you connect with that?,What’s your instant feel from the excerpt’s tone?,‘Accumulation and responsibility’—how does that land with you?,What’s the big takeaway vibe from this excerpt?,Sentiment,Emotion,Psychological_State
Searching for meaning in his past,Freaked out that I might be losing the real stuff,Panicked there’s not enough time to do it all,Fired up to shake things up now,Pushes me to build better moments today,Nervous about how my life stacks up online,Stressed I’m not keeping up with life,A kick to rethink how I roll,Neutral,Sad,Disconnected
"Kinda detached, just observing his own memories",Not sure what’s legit anymore,"Kinda zoned out, like time’s whatever",Anxious I’m running out of chances,Too much to process how different life is now,Nervous about how my life stacks up online,Ready to own my path,Life’s short and kinda unsettling,Neutral,Sad,Disconnected
"Kinda detached, just observing his own memories",Freaked out that I might be losing the real stuff,"Like time’s this big, meaningless blur",Feels like a chill acceptance of life’s flow,Same—my past isn’t who I am,Creeped out by how fast time slips away,Stressed I’m not keeping up with life,Not sure what to focus on anymore,Neutral,Sad,Disconnected
Searching for meaning in his past,Worried how my past looks to others,Pumped to make every second count,Feels like a chill acceptance of life’s flow,Same—my past isn’t who I am,Inspired to live with more purpose,Ready to own my path,A kick to rethink how I roll,Neutral,Happy,FOMO
Stressed about what he’s missed out on in life,Freaked out that I might be losing the real stuff,"Kinda zoned out, like time’s whatever",Anxious I’m running out of chances,Pushes me to build better moments today,Inspired to live with more purpose,Overloaded by all the expectations,Not sure what to focus on anymore,Positive,Happy,Purpose-Driven
"Kinda detached, just observing his own memories",Freaked out that I might be losing the real stuff,"Like time’s this big, meaningless blur",Can’t tell if that’s freeing or scary,Pushes me to build better moments today,Nervous about how my life stacks up online,Stressed I’m not keeping up with life,Life’s short and kinda unsettling,Neutral,Sad,Disconnected
"Kinda detached, just observing his own memories",Freaked out that I might be losing the real stuff,Panicked there’s not enough time to do it all,Can’t tell if that’s freeing or scary,Too much to process how different life is now,Nervous about how my life stacks up online,Overloaded by all the expectations,Anxious my life’s not Insta-worthy,Neutral,Sad,Disconnected
Bogged down by the heaviness of it all,Freaked out that I might be losing the real stuff,"Kinda zoned out, like time’s whatever",Fired up to shake things up now,Makes me stress about not treasuring it enough,Inspired to live with more purpose,Like a nudge to fix what’s broken,Life’s short and kinda unsettling,Neutral,Happy,FOMO
Bogged down by the heaviness of it all,Like my past is just a remix I made up,Pumped to make every second count,Fired up to shake things up now,Makes me stress about not treasuring it enough,Mixed up about what’s worth caring about,Ready to own my path,Life’s short and kinda unsettling,Neutral,Happy,FOMO
Searching for meaning in his past,Like my past is just a remix I made up,"Kinda zoned out, like time’s whatever",Fired up to shake things up now,Same—my past isn’t who I am,Nervous about how my life stacks up online,Overloaded by all the expectations,A kick to rethink how I roll,Negative,Sad,Existential Dread
Stressed about what he’s missed out on in life,Not sure what’s legit anymore,"Kinda zoned out, like time’s whatever",Can’t tell if that’s freeing or scary,Same—my past isn’t who I am,Mixed up about what’s worth caring about,Overloaded by all the expectations,Life’s short and kinda unsettling,Neutral,Sad,Disconnected
Stressed about what he’s missed out on in life,Like my past is just a remix I made up,"Like time’s this big, meaningless blur",Feels like a chill acceptance of life’s flow,Too much to process how different life is now,Nervous about how my life stacks up online,Stressed I’m not keeping up with life,Life’s short and kinda unsettling,Neutral,Sad,Disconnected
"Kinda detached, just observing his own memories",Freaked out that I might be losing the real stuff,Pumped to make every second count,Can’t tell if that’s freeing or scary,Same—my past isn’t who I am,Inspired to live with more purpose,Ready to own my path,Anxious my life’s not Insta-worthy,Neutral,Happy,FOMO
Stressed about what he’s missed out on in life,Like my past is just a remix I made up,"Kinda zoned out, like time’s whatever",Fired up to shake things up now,Pushes me to build better moments today,Inspired to live with more purpose,Like a nudge to fix what’s broken,A kick to rethink how I roll,Neutral,Happy,FOMO
Searching for meaning in his past,Freaked out that I might be losing the real stuff,Pumped to make every second count,Fired up to shake things up now,Too much to process how different life is now,Creeped out by how fast time slips away,Overloaded by all the expectations,A kick to rethink how I roll,Neutral,Happy,FOMO
Bogged down by the heaviness of it all,Like my past is just a remix I made up,Pumped to make every second count,Feels like a chill acceptance of life’s flow,Too much to process how different life is now,Mixed up about what’s worth caring about,Overloaded by all the expectations,A kick to rethink how I roll,Neutral,Happy,FOMO
Searching for meaning in his past,Not sure what’s legit anymore,"Kinda zoned out, like time’s whatever",Can’t tell if that’s freeing or scary,Makes me stress about not treasuring it enough,Inspired to live with more purpose,Stressed I’m not keeping up with life,Life’s short and kinda unsettling,Neutral,Happy,FOMO
Searching for meaning in his past,Worried how my past looks to others,"Kinda zoned out, like time’s whatever",Can’t tell if that’s freeing or scary,Makes me stress about not treasuring it enough,Creeped out by how fast time slips away,Stressed I’m not keeping up with life,A kick to rethink how I roll,Neutral,Sad,Disconnected
Bogged down by the heaviness of it all,Worried how my past looks to others,"Kinda zoned out, like time’s whatever",Fired up to shake things up now,Too much to process how different life is now,Creeped out by how fast time slips away,Like a nudge to fix what’s broken,Life’s short and kinda unsettling,Neutral,Sad,Disconnected
"Kinda detached, just observing his own memories",Worried how my past looks to others,"Like time’s this big, meaningless blur",Can’t tell if that’s freeing or scary,Too much to process how different life is now,Creeped out by how fast time slips away,Stressed I’m not keeping up with life,Not sure what to focus on anymore,Neutral,Sad,Disconnected
Bogged down by the heaviness of it all,Not sure what’s legit anymore,Pumped to make every second count,Can’t tell if that’s freeing or scary,Makes me stress about not treasuring it enough,Inspired to live with more purpose,Stressed I’m not keeping up with life,Anxious my life’s not Insta-worthy,Neutral,Happy,FOMO
Searching for meaning in his past,Freaked out that I might be losing the real stuff,"Kinda zoned out, like time’s whatever",Feels like a chill acceptance of life’s flow,Makes me stress about not treasuring it enough,Inspired to live with more purpose,Like a nudge to fix what’s broken,A kick to rethink how I roll,Neutral,Happy,FOMO
Bogged down by the heaviness of it all,Freaked out that I might be losing the real stuff,Pumped to make every second count,Feels like a chill acceptance of life’s flow,Same—my past isn’t who I am,Inspired to live with more purpose,Stressed I’m not keeping up with life,A kick to rethink how I roll,Neutral,Happy,FOMO
Searching for meaning in his past,Worried how my past looks to others,"Like time’s this big, meaningless blur",Feels like a chill acceptance of life’s flow,Makes me stress about not treasuring it enough,Creeped out by how fast time slips away,Stressed I’m not keeping up with life,Not sure what to focus on anymore,Neutral,Sad,Disconnected
Searching for meaning in his past,Freaked out that I might be losing the real stuff,"Like time’s this big, meaningless blur",Fired up to shake things up now,Same—my past isn’t who I am,Creeped out by how fast time slips away,Like a nudge to fix what’s broken,A kick to rethink how I roll,Neutral,Angry,FOMO
Stressed about what he’s missed out on in life,Like my past is just a remix I made up,Pumped to make every second count,Feels like a chill acceptance of life’s flow,Too much to process how different life is now,Nervous about how my life stacks up online,Stressed I’m not keeping up with life,A kick to rethink how I roll,Neutral,Happy,FOMO
"Kinda detached, just observing his own memories",Worried how my past looks to others,"Kinda zoned out, like time’s whatever",Anxious I’m running out of chances,Pushes me to build better moments today,Nervous about how my life stacks up online,Overloaded by all the expectations,Anxious my life’s not Insta-worthy,Neutral,Sad,Disconnected
Searching for meaning in his past,Not sure what’s legit anymore,Pumped to make every second count,Fired up to shake things up now,Too much to process how different life is now,Creeped out by how fast time slips away,Ready to own my path,Life’s short and kinda unsettling,Neutral,Happy,FOMO
"Kinda detached, just observing his own memories",Not sure what’s legit anymore,"Kinda zoned out, like time’s whatever",Feels like a chill acceptance of life’s flow,Pushes me to build better moments today,Nervous about how my life stacks up online,Ready to own my path,Not sure what to focus on anymore,Positive,Fear,Hopeful Activist
"Kinda detached, just observing his own memories",Not sure what’s legit anymore,Panicked there’s not enough time to do it all,Anxious I’m running out of chances,Pushes me to build better moments today,Mixed up about what’s worth caring about,Ready to own my path,A kick to rethink how I roll,Neutral,Fear,FOMO
Stressed about what he’s missed out on in life,Not sure what’s legit anymore,"Kinda zoned out, like time’s whatever",Anxious I’m running out of chances,Pushes me to build better moments today,Inspired to live with more purpose,Stressed I’m not keeping up with life,A kick to rethink how I roll,Neutral,Happy,FOMO
"Kinda detached, just observing his own memories",Worried how my past looks to others,"Kinda zoned out, like time’s whatever",Can’t tell if that’s freeing or scary,Pushes me to build better moments today,Mixed up about what’s worth caring about,Stressed I’m not keeping up with life,A kick to rethink how I roll,Neutral,Sad,Disconnected
"Kinda detached, just observing his own memories",Freaked out that I might be losing the real stuff,"Like time’s this big, meaningless blur",Can’t tell if that’s freeing or scary,Too much to process how different life is now,Nervous about how my life stacks up online,Ready to own my path,Life’s short and kinda unsettling,Neutral,Sad,Disconnected
Stressed about what he’s missed out on in life,Like my past is just a remix I made up,Pumped to make every second count,Anxious I’m running out of chances,Same—my past isn’t who I am,Nervous about how my life stacks up online,Ready to own my path,Anxious my life’s not Insta-worthy,Neutral,Happy,FOMO
Bogged down by the heaviness of it all,Freaked out that I might be losing the real stuff,"Kinda zoned out, like time’s whatever",Anxious I’m running out of chances,Pushes me to build better moments today,Mixed up about what’s worth caring about,Overloaded by all the expectations,A kick to rethink how I roll,Neutral,Sad,Disconnected
Stressed about what he’s missed out on in life,Freaked out that I might be losing the real stuff,Panicked there’s not enough time to do it all,Feels like a chill acceptance of life’s flow,Too much to process how different life is now,Mixed up about what’s worth caring about,Ready to own my path,Life’s short and kinda unsettling,Neutral,Sad,Disconnected
Searching for meaning in his past,Like my past is just a remix I made up,Pumped to make every second count,Feels like a chill acceptance of life’s flow,Makes me stress about not treasuring it enough,Nervous about how my life stacks up online,Ready to own my path,Anxious my life’s not Insta-worthy,Neutral,Happy,FOMO
Searching for meaning in his past,Freaked out that I might be losing the real stuff,"Kinda zoned out, like time’s whatever",Anxious I’m running out of chances,Too much to process how different life is now,Creeped out by how fast time slips away,Overloaded by all the expectations,Not sure what to focus on anymore,Neutral,Sad,Disconnected
Bogged down by the heaviness of it all,Freaked out that I might be losing the real stuff,"Kinda zoned out, like time’s whatever",Can’t tell if that’s freeing or scary,Same—my past isn’t who I am,Mixed up about what’s worth caring about,Like a nudge to fix what’s broken,Anxious my life’s not Insta-worthy,Neutral,Fear,FOMO
Bogged down by the heaviness of it all,Worried how my past looks to others,Panicked there’s not enough time to do it all,Feels like a chill acceptance of life’s flow,Pushes me to build better moments today,Nervous about how my life stacks up online,Overloaded by all the expectations,Anxious my life’s not Insta-worthy,Neutral,Sad,Disconnected
Stressed about what he’s missed out on in life,Freaked out that I might be losing the real stuff,Pumped to make every second count,Fired up to shake things up now,Same—my past isn’t who I am,Nervous about how my life stacks up online,Like a nudge to fix what’s broken,Anxious my life’s not Insta-worthy,Neutral,Happy,FOMO
"Kinda detached, just observing his own memories",Freaked out that I might be losing the real stuff,Panicked there’s not enough time to do it all,Fired up to shake things up now,Same—my past isn’t who I am,Creeped out by how fast time slips away,Stressed I’m not keeping up with life,Not sure what to focus on anymore,Neutral,Sad,Disconnected
Bogged down by the heaviness of it all,Like my past is just a remix I made up,"Kinda zoned out, like time’s whatever",Fired up to shake things up now,Pushes me to build better moments today,Inspired to live with more purpose,Overloaded by all the expectations,Not sure what to focus on anymore,Neutral,Happy,FOMO
Searching for meaning in his past,Freaked out that I might be losing the real stuff,Panicked there’s not enough time to do it all,Anxious I’m running out of chances,Pushes me to build better moments today,Creeped out by how fast time slips away,Overloaded by all the expectations,Life’s short and kinda unsettling,Neutral,Sad,Disconnected
Stressed about what he’s missed out on in life,Worried how my past looks to others,Pumped to make every second count,Fired up to shake things up now,Too much to process how different life is now,Nervous about how my life stacks up online,Ready to own my path,Life’s short and kinda unsettling,Neutral,Happy,FOMO
Stressed about what he’s missed out on in life,Worried how my past looks to others,Pumped to make every second count,Fired up to shake things up now,Makes me stress about not treasuring it enough,Nervous about how my life stacks up online,Like a nudge to fix what’s broken,Life’s short and kinda unsettling,Neutral,Happy,FOMO
"Kinda detached, just observing his own memories",Worried how my past looks to others,Panicked there’s not enough time to do it all,Can’t tell if that’s freeing or scary,Makes me stress about not treasuring it enough,Mixed up about what’s worth caring about,Ready to own my path,A kick to rethink how I roll,Neutral,Sad,Disconnected
"Kinda detached, just observing his own memories",Worried how my past looks to others,Panicked there’s not enough time to do it all,Anxious I’m running out of chances,Pushes me to build better moments today,Inspired to live with more purpose,Overloaded by all the expectations,Life’s short and kinda unsettling,Neutral,Happy,FOMO
Stressed about what he’s missed out on in life,Not sure what’s legit anymore,Panicked there’s not enough time to do it all,Feels like a chill acceptance of life’s flow,Too much to process how different life is now,Creeped out by how fast time slips away,Stressed I’m not keeping up with life,Life’s short and kinda unsettling,Neutral,Sad,Disconnected
"Kinda detached, just observing his own memories",Worried how my past looks to others,"Like time’s this big, meaningless blur",Feels like a chill acceptance of life’s flow,Too much to process how different life is now,Nervous about how my life stacks up online,Like a nudge to fix what’s broken,Anxious my life’s not Insta-worthy,Neutral,Sad,Disconnected
Searching for meaning in his past,Like my past is just a remix I made up,Pumped to make every second count,Anxious I’m running out of chances,Pushes me to build better moments today,Nervous about how my life stacks up online,Stressed I’m not keeping up with life,Life’s short and kinda unsettling,Neutral,Happy,FOMO
Stressed about what he’s missed out on in life,Not sure what’s legit anymore,Pumped to make every second count,Anxious I’m running out of chances,Pushes me to build better moments today,Creeped out by how fast time slips away,Overloaded by all the expectations,Life’s short and kinda unsettling,Neutral,Happy,FOMO
Stressed about what he’s missed out on in life,Not sure what’s legit anymore,Panicked there’s not enough time to do it all,Can’t tell if that’s freeing or scary,Same—my past isn’t who I am,Creeped out by how fast time slips away,Like a nudge to fix what’s broken,A kick to rethink how I roll,Negative,Sad,Existential Dread
Stressed about what he’s missed out on in life,Worried how my past looks to others,Pumped to make every second count,Fired up to shake things up now,Same—my past isn’t who I am,Nervous about how my life stacks up online,Ready to own my path,Not sure what to focus on anymore,Neutral,Happy,FOMO
Bogged down by the heaviness of it all,Like my past is just a remix I made up,Panicked there’s not enough time to do it all,Anxious I’m running out of chances,Makes me stress about not treasuring it enough,Creeped out by how fast time slips away,Like a nudge to fix what’s broken,Life’s short and kinda unsettling,Neutral,Sad,Disconnected
Searching for meaning in his past,Not sure what’s legit anymore,Pumped to make every second count,Feels like a chill acceptance of life’s flow,Pushes me to build better moments today,Mixed up about what’s worth caring about,Stressed I’m not keeping up with life,Anxious my life’s not Insta-worthy,Neutral,Happy,FOMO
Searching for meaning in his past,Freaked out that I might be losing the real stuff,Panicked there’s not enough time to do it all,Feels like a chill acceptance of life’s flow,Too much to process how different life is now,Mixed up about what’s worth caring about,Like a nudge to fix what’s broken,Anxious my life’s not Insta-worthy,Neutral,Fear,FOMO
Stressed about what he’s missed out on in life,Worried how my past looks to others,"Like time’s this big, meaningless blur",Fired up to shake things up now,Too much to process how different life is now,Mixed up about what’s worth caring about,Stressed I’m not keeping up with life,Life’s short and kinda unsettling,Neutral,Sad,Disconnected
Searching for meaning in his past,Like my past is just a remix I made up,"Like time’s this big, meaningless blur",Feels like a chill acceptance of life’s flow,Too much to process how different life is now,Nervous about how my life stacks up online,Overloaded by all the expectations,Not sure what to focus on anymore,Neutral,Sad,Disconnected
"Kinda detached, just observing his own memories",Not sure what’s legit anymore,"Kinda zoned out, like time’s whatever",Can’t tell if that’s freeing or scary,Same—my past isn’t who I am,Inspired to live with more purpose,Like a nudge to fix what’s broken,Anxious my life’s not Insta-worthy,Neutral,Happy,FOMO
Searching for meaning in his past,Worried how my past looks to others,"Kinda zoned out, like time’s whatever",Anxious I’m running out of chances,Pushes me to build better moments today,Creeped out by how fast time slips away,Like a nudge to fix what’s broken,A kick to rethink how I roll,Neutral,Sad,Disconnected
Stressed about what he’s missed out on in life,Like my past is just a remix I made up,"Like time’s this big, meaningless blur",Can’t tell if that’s freeing or scary,Same—my past isn’t who I am,Nervous about how my life stacks up online,Ready to own my path,A kick to rethink how I roll,Neutral,Sad,Disconnected
Stressed about what he’s missed out on in life,Like my past is just a remix I made up,Panicked there’s not enough time to do it all,Can’t tell if that’s freeing or scary,Too much to process how different life is now,Nervous about how my life stacks up online,Ready to own my path,Anxious my life’s not Insta-worthy,Neutral,Sad,Disconnected
Stressed about what he’s missed out on in life,Freaked out that I might be losing the real stuff,Panicked there’s not enough time to do it all,Fired up to shake things up now,Too much to process how different life is now,Nervous about how my life stacks up online,Overloaded by all the expectations,Anxious my life’s not Insta-worthy,Neutral,Sad,Disconnected
Feels uplifting and full of hope,Memories shift based on emotions,Pushes me to live more intentionally,I accept it—life has a rhythm,"School days were simple, I kinda miss that",Hopeful and inspiring,"It's just part of growing up, I guess",Change is the only constant in life,Positive,Happy,Overwhelmed
"Sounds empowering, like a fresh start",Memories shift based on emotions,"Feels overwhelming, like I'm falling behind",Makes me want to shake things up,"School days were simple, I kinda miss that",Melancholic but beautiful,Excites me—I'm ready to take charge,Time waits for no one—take action,Positive,Excited,Frustrated
Feels like drowning in nostalgia,Makes me treasure my moments more,Scares me that time is slipping fast,I accept it—life has a rhythm,Makes me nostalgic but also excited for now,Hopeful and inspiring,Feels like a burden I didn't ask for,Regret is a powerful teacher,Negative,Anxious,Frustrated
Carries a deep sense of regret,Feels like my past is slipping away,Motivates me to use my time wisely,"That’s terrifying, I want to keep evolving",Same—I don’t dwell on the past,Melancholic but beautiful,Pushes me to work towards my goals,Change is the only constant in life,Positive,Angry,Motivated
Carries a deep sense of regret,Memories shift based on emotions,Scares me that time is slipping fast,Makes me want to shake things up,Reminds me how much I’ve grown,"Urgent, like a call to action",Feels like a burden I didn't ask for,Change is the only constant in life,Positive,Angry,Inspired
Carries a deep sense of regret,I should focus more on making memories now,Motivates me to use my time wisely,I refuse to let life become stagnant,Reminds me how much I’ve grown,"Reflective, makes me question my choices",Overwhelming—I need to slow down,Change is the only constant in life,Negative,Excited,Frustrated
Feels like drowning in nostalgia,I question how real my past even is,"Feels overwhelming, like I'm falling behind",I accept it—life has a rhythm,Makes me nostalgic but also excited for now,"Reflective, makes me question my choices",Excites me—I'm ready to take charge,Regret is a powerful teacher,Negative,Sad,Inspired
"Sounds empowering, like a fresh start",I should focus more on making memories now,Scares me that time is slipping fast,"That’s terrifying, I want to keep evolving",Makes me nostalgic but also excited for now,"Urgent, like a call to action","It's just part of growing up, I guess",Regret is a powerful teacher,Negative,Angry,Confident
Feels uplifting and full of hope,Memories shift based on emotions,Motivates me to use my time wisely,Makes me want to shake things up,"School days were simple, I kinda miss that","Reflective, makes me question my choices","It's just part of growing up, I guess","Live in the moment, don't overthink",Negative,Sad,Confident
"Sounds empowering, like a fresh start",Feels like my past is slipping away,Scares me that time is slipping fast,I refuse to let life become stagnant,Makes me nostalgic but also excited for now,"Urgent, like a call to action","It's just part of growing up, I guess",We carry the weight of our choices,Positive,Anxious,Frustrated
Feels uplifting and full of hope,I question how real my past even is,Motivates me to use my time wisely,I refuse to let life become stagnant,Makes me nostalgic but also excited for now,"Reflective, makes me question my choices",Overwhelming—I need to slow down,"Live in the moment, don't overthink",Negative,Sad,Inspired
Hits like a wake-up call to change things,I question how real my past even is,Motivates me to use my time wisely,Makes me want to shake things up,"School days were simple, I kinda miss that",Melancholic but beautiful,Excites me—I'm ready to take charge,Change is the only constant in life,Negative,Angry,Motivated
Carries a deep sense of regret,Memories shift based on emotions,"Feels overwhelming, like I'm falling behind",I accept it—life has a rhythm,Reminds me how much I’ve grown,"Urgent, like a call to action",Overwhelming—I need to slow down,We carry the weight of our choices,Negative,Excited,Motivated
Hits like a wake-up call to change things,Feels like my past is slipping away,Pushes me to live more intentionally,"Feels hopeless, like I'm stuck forever",Makes me nostalgic but also excited for now,Melancholic but beautiful,Overwhelming—I need to slow down,Regret is a powerful teacher,Positive,Anxious,Motivated
Carries a deep sense of regret,I question how real my past even is,"Feels overwhelming, like I'm falling behind","Feels hopeless, like I'm stuck forever",Makes me nostalgic but also excited for now,"Reflective, makes me question my choices","It's just part of growing up, I guess","Live in the moment, don't overthink",Positive,Anxious,Motivated
Hits like a wake-up call to change things,Feels like my past is slipping away,Pushes me to live more intentionally,I refuse to let life become stagnant,Same—I don’t dwell on the past,"Reflective, makes me question my choices",Overwhelming—I need to slow down,Time waits for no one—take action,Positive,Excited,Frustrated
Carries a deep sense of regret,Memories shift based on emotions,Pushes me to live more intentionally,Makes me want to shake things up,Reminds me how much I’ve grown,"Overwhelming, like drowning in thoughts",Overwhelming—I need to slow down,Regret is a powerful teacher,Positive,Angry,Motivated
"Sounds empowering, like a fresh start",Makes me treasure my moments more,Pushes me to live more intentionally,I refuse to let life become stagnant,Same—I don’t dwell on the past,"Urgent, like a call to action",Feels like a burden I didn't ask for,"Live in the moment, don't overthink",Positive,Angry,Confident
Feels uplifting and full of hope,I should focus more on making memories now,Scares me that time is slipping fast,I accept it—life has a rhythm,Same—I don’t dwell on the past,Melancholic but beautiful,Excites me—I'm ready to take charge,Regret is a powerful teacher,Negative,Happy,Overwhelmed
Feels uplifting and full of hope,Makes me treasure my moments more,Scares me that time is slipping fast,"Feels hopeless, like I'm stuck forever",Same—I don’t dwell on the past,Hopeful and inspiring,Excites me—I'm ready to take charge,We carry the weight of our choices,Negative,Anxious,Motivated
Feels like drowning in nostalgia,Feels like my past is slipping away,"Feels overwhelming, like I'm falling behind","That’s terrifying, I want to keep evolving",Reminds me how much I’ve grown,Hopeful and inspiring,Feels like a burden I didn't ask for,We carry the weight of our choices,Positive,Anxious,Inspired
Carries a deep sense of regret,Makes me treasure my moments more,Scares me that time is slipping fast,Makes me want to shake things up,Reminds me how much I’ve grown,"Urgent, like a call to action",Overwhelming—I need to slow down,Time waits for no one—take action,Positive,Excited,Inspired
Feels uplifting and full of hope,Feels like my past is slipping away,Reassures me that change is constant,I accept it—life has a rhythm,Same—I don’t dwell on the past,"Overwhelming, like drowning in thoughts",Excites me—I'm ready to take charge,Time waits for no one—take action,Positive,Excited,Motivated
"Sounds empowering, like a fresh start",I question how real my past even is,Pushes me to live more intentionally,Makes me want to shake things up,Same—I don’t dwell on the past,Hopeful and inspiring,Overwhelming—I need to slow down,"Live in the moment, don't overthink",Positive,Anxious,Overwhelmed
Feels like drowning in nostalgia,Feels like my past is slipping away,Reassures me that change is constant,I accept it—life has a rhythm,I have no regrets about leaving that phase,Melancholic but beautiful,Excites me—I'm ready to take charge,Change is the only constant in life,Positive,Anxious,Overwhelmed
Feels uplifting and full of hope,Feels like my past is slipping away,"Feels overwhelming, like I'm falling behind",I refuse to let life become stagnant,"School days were simple, I kinda miss that",Hopeful and inspiring,Pushes me to work towards my goals,We carry the weight of our choices,Positive,Sad,Motivated
Feels uplifting and full of hope,I question how real my past even is,Scares me that time is slipping fast,Makes me want to shake things up,I have no regrets about leaving that phase,Hopeful and inspiring,Excites me—I'm ready to take charge,Regret is a powerful teacher,Negative,Sad,Confident
Feels uplifting and full of hope,I question how real my past even is,Scares me that time is slipping fast,"That’s terrifying, I want to keep evolving",I have no regrets about leaving that phase,"Overwhelming, like drowning in thoughts",Overwhelming—I need to slow down,Time waits for no one—take action,Negative,Happy,Overwhelmed
Feels uplifting and full of hope,I question how real my past even is,Reassures me that change is constant,I accept it—life has a rhythm,I have no regrets about leaving that phase,Hopeful and inspiring,Feels like a burden I didn't ask for,We carry the weight of our choices,Positive,Anxious,Confident
"Sounds empowering, like a fresh start",Memories shift based on emotions,Motivates me to use my time wisely,"That’s terrifying, I want to keep evolving","School days were simple, I kinda miss that","Reflective, makes me question my choices","It's just part of growing up, I guess",Time waits for no one—take action,Positive,Anxious,Confident
"A neutral retelling of events, no strong emotions.",It inspires me to focus more on the present.,Scary—it feels like time is slipping away.,It reminds me to appreciate the present.,I actually miss the simplicity of those days.,It feels energizing and full of potential.,"It feels overwhelming, like too much pressure.",Regret and growth go hand in hand.,Negative,Calm,Motivated
Seems like they’re burdened by past choices.,It reminds me that perception shapes our past.,It makes me want to take control of my future.,I refuse to believe change ever truly ends.,I feel the same—school was just a phase.,"It has a sad undertone, like lingering regrets.","It’s just a fact of life, no strong emotions.",Life is a journey—we’re always evolving.,Neutral,Frustrated,Lost in thought
"A neutral retelling of events, no strong emotions.",It inspires me to focus more on the present.,It makes me want to take control of my future.,It’s just a neutral statement about life.,I feel the same—school was just a phase.,It makes me feel like anything is possible.,"It’s just a fact of life, no strong emotions.",Life is a journey—we’re always evolving.,Positive,Hopeful,Content
"A neutral retelling of events, no strong emotions.",It reminds me that perception shapes our past.,It makes me want to take control of my future.,That sounds hopeless—I don’t like it.,"I have nostalgia, but I’m focused on now.",It makes me feel like anything is possible.,"It’s just a fact of life, no strong emotions.",Life is a journey—we’re always evolving.,Neutral,Anxious,Worried
Sounds like regret mixed with nostalgia.,I feel like I may have misremembered important moments.,"I agree, but I don't feel strongly about it.",It’s just a neutral statement about life.,I don’t really have strong feelings either way.,It makes me feel like anything is possible.,It excites me—I’m ready for new challenges.,"Time moves on, so we must adapt.",Negative,Inspired,Worried
Feels like a fresh start full of possibilities.,It reminds me that perception shapes our past.,Scary—it feels like time is slipping away.,That sounds hopeless—I don’t like it.,"I have nostalgia, but I’m focused on now.","It has a sad undertone, like lingering regrets.",It excites me—I’m ready for new challenges.,Live without regrets and embrace change.,Positive,Indifferent,Reflective
"Encouraging, like they’re embracing change.",Makes me wonder how much of my past is real.,It makes me want to take control of my future.,It’s just a neutral statement about life.,I actually miss the simplicity of those days.,"It’s neutral, just stating facts about life.","It feels overwhelming, like too much pressure.","Time moves on, so we must adapt.",Neutral,Inspired,Motivated
"Encouraging, like they’re embracing change.",I feel like I may have misremembered important moments.,"I agree, but I don't feel strongly about it.",I refuse to believe change ever truly ends.,I actually miss the simplicity of those days.,The tone is reflective but also hopeful.,"It feels overwhelming, like too much pressure.","Time moves on, so we must adapt.",Negative,Empowered,Lost in thought
"A neutral retelling of events, no strong emotions.","Honestly, I don't think much about past memories.",It makes me reflect on how much I’ve changed.,Makes me want to push myself to grow more.,I don’t really have strong feelings either way.,It makes me feel like anything is possible.,"It’s just a fact of life, no strong emotions.","Time moves on, so we must adapt.",Positive,Regretful,Confident
"Encouraging, like they’re embracing change.",It inspires me to focus more on the present.,Time is just a construct—I live day by day.,That sounds hopeless—I don’t like it.,I actually miss the simplicity of those days.,It makes me feel like anything is possible.,"It’s just a fact of life, no strong emotions.",Regret and growth go hand in hand.,Negative,Regretful,Confident
Seems like they’re burdened by past choices.,It inspires me to focus more on the present.,Scary—it feels like time is slipping away.,I refuse to believe change ever truly ends.,I feel the same—school was just a phase.,The tone is reflective but also hopeful.,I take it as a reminder to balance work and life.,Regret and growth go hand in hand.,Neutral,Frustrated,Worried
Sounds like regret mixed with nostalgia.,Makes me wonder how much of my past is real.,Time is just a construct—I live day by day.,I refuse to believe change ever truly ends.,I don’t really have strong feelings either way.,"It has a sad undertone, like lingering regrets.","It feels overwhelming, like too much pressure.",Live without regrets and embrace change.,Neutral,Hopeful,Confident
"A neutral retelling of events, no strong emotions.",It inspires me to focus more on the present.,"I agree, but I don't feel strongly about it.",Makes me want to push myself to grow more.,I actually miss the simplicity of those days.,The tone is reflective but also hopeful.,"It feels overwhelming, like too much pressure.",Life is a journey—we’re always evolving.,Negative,Frustrated,Uncertain
"Encouraging, like they’re embracing change.",It inspires me to focus more on the present.,It makes me want to take control of my future.,That sounds hopeless—I don’t like it.,I don’t really have strong feelings either way.,It makes me feel like anything is possible.,It makes me want to slow down and rethink.,"Time moves on, so we must adapt.",Positive,Hopeful,Reflective
"A neutral retelling of events, no strong emotions.",It inspires me to focus more on the present.,It makes me want to take control of my future.,Makes me want to push myself to grow more.,I feel the same—school was just a phase.,"It has a sad undertone, like lingering regrets.","It feels overwhelming, like too much pressure.",Life is a journey—we’re always evolving.,Neutral,Frustrated,Worried
Seems like they’re burdened by past choices.,It reminds me that perception shapes our past.,Scary—it feels like time is slipping away.,Makes me want to push myself to grow more.,I feel the same—school was just a phase.,"It has a sad undertone, like lingering regrets.",It excites me—I’m ready for new challenges.,It’s just an observation—no deeper meaning.,Positive,Indifferent,Uncertain
Feels like a fresh start full of possibilities.,Makes me wonder how much of my past is real.,Time is just a construct—I live day by day.,It’s just a neutral statement about life.,"School shaped me, but I wouldn’t go back.","It’s neutral, just stating facts about life.","It’s just a fact of life, no strong emotions.",It’s just an observation—no deeper meaning.,Positive,Empowered,Reflective
"A neutral retelling of events, no strong emotions.",Makes me wonder how much of my past is real.,Scary—it feels like time is slipping away.,Makes me want to push myself to grow more.,I feel the same—school was just a phase.,It feels energizing and full of potential.,I take it as a reminder to balance work and life.,It’s just an observation—no deeper meaning.,Negative,Hopeful,Confident
Sounds like regret mixed with nostalgia.,It inspires me to focus more on the present.,It makes me reflect on how much I’ve changed.,Makes me want to push myself to grow more.,"School shaped me, but I wouldn’t go back.","It has a sad undertone, like lingering regrets.","It’s just a fact of life, no strong emotions.","Time moves on, so we must adapt.",Negative,Indifferent,Uncertain
Seems like they’re burdened by past choices.,It reminds me that perception shapes our past.,It makes me reflect on how much I’ve changed.,Makes me want to push myself to grow more.,"I have nostalgia, but I’m focused on now.",It feels energizing and full of potential.,"It feels overwhelming, like too much pressure.",Live without regrets and embrace change.,Negative,Hopeful,Content
Sounds like regret mixed with nostalgia.,I feel like I may have misremembered important moments.,It makes me want to take control of my future.,It’s just a neutral statement about life.,I feel the same—school was just a phase.,It feels energizing and full of potential.,I take it as a reminder to balance work and life.,"Time moves on, so we must adapt.",Neutral,Hopeful,Confident
Seems like they’re burdened by past choices.,It inspires me to focus more on the present.,Scary—it feels like time is slipping away.,I refuse to believe change ever truly ends.,I don’t really have strong feelings either way.,"It has a sad undertone, like lingering regrets.","It feels overwhelming, like too much pressure.",It’s just an observation—no deeper meaning.,Positive,Anxious,Confident
Sounds like regret mixed with nostalgia.,It reminds me that perception shapes our past.,Scary—it feels like time is slipping away.,Makes me want to push myself to grow more.,"I have nostalgia, but I’m focused on now.",The tone is reflective but also hopeful.,It excites me—I’m ready for new challenges.,It’s just an observation—no deeper meaning.,Positive,Resigned,Worried
Seems like they’re burdened by past choices.,It reminds me that perception shapes our past.,"I agree, but I don't feel strongly about it.",Makes me want to push myself to grow more.,I don’t really have strong feelings either way.,It feels energizing and full of potential.,"It feels overwhelming, like too much pressure.",It’s just an observation—no deeper meaning.,Positive,Frustrated,Motivated
Seems like they’re burdened by past choices.,Makes me wonder how much of my past is real.,Scary—it feels like time is slipping away.,Makes me want to push myself to grow more.,I don’t really have strong feelings either way.,The tone is reflective but also hopeful.,"It feels overwhelming, like too much pressure.",Regret and growth go hand in hand.,Neutral,Empowered,Worried
Sounds like regret mixed with nostalgia.,Makes me wonder how much of my past is real.,It makes me reflect on how much I’ve changed.,That sounds hopeless—I don’t like it.,"School shaped me, but I wouldn’t go back.",It makes me feel like anything is possible.,"It feels overwhelming, like too much pressure.",It’s just an observation—no deeper meaning.,Negative,Hopeful,Uncertain
Feels like a fresh start full of possibilities.,"Honestly, I don't think much about past memories.","I agree, but I don't feel strongly about it.",It’s just a neutral statement about life.,I actually miss the simplicity of those days.,It feels energizing and full of potential.,"It feels overwhelming, like too much pressure.",Live without regrets and embrace change.,Neutral,Optimistic,Uncertain
"Encouraging, like they’re embracing change.",It inspires me to focus more on the present.,It makes me reflect on how much I’ve changed.,It’s just a neutral statement about life.,"School shaped me, but I wouldn’t go back.",The tone is reflective but also hopeful.,"It feels overwhelming, like too much pressure.",Live without regrets and embrace change.,Negative,Frustrated,Worried
"A neutral retelling of events, no strong emotions.",It inspires me to focus more on the present.,It makes me reflect on how much I’ve changed.,Makes me want to push myself to grow more.,I don’t really have strong feelings either way.,The tone is reflective but also hopeful.,"It feels overwhelming, like too much pressure.",Live without regrets and embrace change.,Negative,Inspired,Confident
"Encouraging, like they’re embracing change.",I feel like I may have misremembered important moments.,"I agree, but I don't feel strongly about it.",Makes me want to push myself to grow more.,I actually miss the simplicity of those days.,"It has a sad undertone, like lingering regrets.",It excites me—I’m ready for new challenges.,Life is a journey—we’re always evolving.,Neutral,Optimistic,Determined
"Encouraging, like they’re embracing change.",It reminds me that perception shapes our past.,Scary—it feels like time is slipping away.,It’s just a neutral statement about life.,I don’t really have strong feelings either way.,"It has a sad undertone, like lingering regrets.","It feels overwhelming, like too much pressure.",Live without regrets and embrace change.,Negative,Empowered,Confident
Seems like they’re burdened by past choices.,It reminds me that perception shapes our past.,Time is just a construct—I live day by day.,I refuse to believe change ever truly ends.,I feel the same—school was just a phase.,"It has a sad undertone, like lingering regrets.","It feels overwhelming, like too much pressure.",Live without regrets and embrace change.,Positive,Inspired,Motivated
"Encouraging, like they’re embracing change.",It inspires me to focus more on the present.,Time is just a construct—I live day by day.,Makes me want to push myself to grow more.,I don’t really have strong feelings either way.,It makes me feel like anything is possible.,It makes me want to slow down and rethink.,"Time moves on, so we must adapt.",Neutral,Calm,Content
"A neutral retelling of events, no strong emotions.",It reminds me that perception shapes our past.,It makes me want to take control of my future.,Makes me want to push myself to grow more.,"I have nostalgia, but I’m focused on now.",It makes me feel like anything is possible.,I take it as a reminder to balance work and life.,It’s just an observation—no deeper meaning.,Neutral,Optimistic,Content
Sounds like regret mixed with nostalgia.,It inspires me to focus more on the present.,Time is just a construct—I live day by day.,It’s just a neutral statement about life.,I feel the same—school was just a phase.,The tone is reflective but also hopeful.,"It feels overwhelming, like too much pressure.",Regret and growth go hand in hand.,Negative,Calm,Reflective
"A neutral retelling of events, no strong emotions.",It inspires me to focus more on the present.,Scary—it feels like time is slipping away.,It reminds me to appreciate the present.,"I have nostalgia, but I’m focused on now.",It makes me feel like anything is possible.,I take it as a reminder to balance work and life.,"Time moves on, so we must adapt.",Positive,Empowered,Confident
"A neutral retelling of events, no strong emotions.",It inspires me to focus more on the present.,It makes me reflect on how much I’ve changed.,That sounds hopeless—I don’t like it.,I actually miss the simplicity of those days.,The tone is reflective but also hopeful.,It makes me want to slow down and rethink.,Live without regrets and embrace change.,Negative,Hopeful,Determined
"Encouraging, like they’re embracing change.","Honestly, I don't think much about past memories.",Scary—it feels like time is slipping away.,It reminds me to appreciate the present.,"I have nostalgia, but I’m focused on now.","It has a sad undertone, like lingering regrets.","It’s just a fact of life, no strong emotions.",Live without regrets and embrace change.,Neutral,Anxious,Drained
"A neutral retelling of events, no strong emotions.",I feel like I may have misremembered important moments.,It makes me reflect on how much I’ve changed.,It reminds me to appreciate the present.,I actually miss the simplicity of those days.,"It’s neutral, just stating facts about life.",I take it as a reminder to balance work and life.,Life is a journey—we’re always evolving.,Negative,Anxious,Confident
"Encouraging, like they’re embracing change.",Makes me wonder how much of my past is real.,Time is just a construct—I live day by day.,It’s just a neutral statement about life.,I feel the same—school was just a phase.,It makes me feel like anything is possible.,"It feels overwhelming, like too much pressure.",Life is a journey—we’re always evolving.,Neutral,Calm,Content
"Encouraging, like they’re embracing change.","Honestly, I don't think much about past memories.","I agree, but I don't feel strongly about it.",It reminds me to appreciate the present.,I feel the same—school was just a phase.,It makes me feel like anything is possible.,It makes me want to slow down and rethink.,Life is a journey—we’re always evolving.,Positive,Resigned,Lost in thought
"A neutral retelling of events, no strong emotions.",Makes me wonder how much of my past is real.,It makes me reflect on how much I’ve changed.,It’s just a neutral statement about life.,"School shaped me, but I wouldn’t go back.",It feels energizing and full of potential.,It excites me—I’m ready for new challenges.,Life is a journey—we’re always evolving.,Negative,Empowered,Confident
Seems like they’re burdened by past choices.,"Honestly, I don't think much about past memories.",Time is just a construct—I live day by day.,It’s just a neutral statement about life.,I don’t really have strong feelings either way.,"It’s neutral, just stating facts about life.","It’s just a fact of life, no strong emotions.",Life is a journey—we’re always evolving.,Positive,Anxious,Uncertain
Sounds like regret mixed with nostalgia.,Makes me wonder how much of my past is real.,It makes me want to take control of my future.,Makes me want to push myself to grow more.,"School shaped me, but I wouldn’t go back.",The tone is reflective but also hopeful.,"It feels overwhelming, like too much pressure.","Time moves on, so we must adapt.",Positive,Inspired,Drained
Feels like a fresh start full of possibilities.,Makes me wonder how much of my past is real.,Time is just a construct—I live day by day.,Makes me want to push myself to grow more.,I don’t really have strong feelings either way.,It makes me feel like anything is possible.,"It’s just a fact of life, no strong emotions.","Time moves on, so we must adapt.",Positive,Regretful,Overwhelmed
Feels like a fresh start full of possibilities.,It reminds me that perception shapes our past.,It makes me reflect on how much I’ve changed.,That sounds hopeless—I don’t like it.,I actually miss the simplicity of those days.,The tone is reflective but also hopeful.,It makes me want to slow down and rethink.,Life is a journey—we’re always evolving.,Negative,Hopeful,Confident
Seems like they’re burdened by past choices.,It reminds me that perception shapes our past.,It makes me reflect on how much I’ve changed.,It’s just a neutral statement about life.,"School shaped me, but I wouldn’t go back.",It makes me feel like anything is possible.,I take it as a reminder to balance work and life.,Regret and growth go hand in hand.,Positive,Empowered,Confident
"Encouraging, like they’re embracing change.","Honestly, I don't think much about past memories.","I agree, but I don't feel strongly about it.",Makes me want to push myself to grow more.,"School shaped me, but I wouldn’t go back.","It’s neutral, just stating facts about life.",It excites me—I’m ready for new challenges.,Life is a journey—we’re always evolving.,Neutral,Calm,Lost in thought
"A neutral retelling of events, no strong emotions.",It reminds me that perception shapes our past.,Time is just a construct—I live day by day.,It’s just a neutral statement about life.,I actually miss the simplicity of those days.,It feels energizing and full of potential.,"It’s just a fact of life, no strong emotions.",It’s just an observation—no deeper meaning.,Positive,Indifferent,Determined
Seems like they’re burdened by past choices.,It inspires me to focus more on the present.,It makes me want to take control of my future.,Makes me want to push myself to grow more.,I feel the same—school was just a phase.,The tone is reflective but also hopeful.,It excites me—I’m ready for new challenges.,Live without regrets and embrace change.,Negative,Optimistic,Drained
